<?xml version="1.0" encoding="UTF-8"?>
<beans xmlns="http://www.springframework.org/schema/beans"
	xmlns:xsi="http://www.w3.org/2001/XMLSchema-instance" xmlns:mvc="http://www.springframework.org/schema/mvc"
	xmlns:context="http://www.springframework.org/schema/context"
	xmlns:aop="http://www.springframework.org/schema/aop" xmlns:tx="http://www.springframework.org/schema/tx"
	xsi:schemaLocation="http://www.springframework.org/schema/beans 
		http://www.springframework.org/schema/beans/spring-beans-4.2.xsd 
		http://www.springframework.org/schema/mvc 
		http://www.springframework.org/schema/mvc/spring-mvc-4.2.xsd 
		http://www.springframework.org/schema/context 
		http://www.springframework.org/schema/context/spring-context-4.2.xsd 
		http://www.springframework.org/schema/aop 
		http://www.springframework.org/schema/aop/spring-aop-4.2.xsd 
		http://www.springframework.org/schema/tx 
		http://www.springframework.org/schema/tx/spring-tx-4.2.xsd ">
		<!-- 事务管理器   对mybatis的数据库事务控制，spring用jdbc控制事务类 -->
	<bean id="transactionManager" class="org.springframework.jdbc.datasource.DataSourceTransactionManager">	
	<!-- 数据源
	dataSource在applicationContext-dao.xml中配置了
	 --> 
	<property name="dataSource" ref="dataSource"/>
</bean>
<!-- 通知 -->
<tx:advice id="txAdvice" transaction-manager="transactionManager">
	<tx:attributes>
		<!-- 传播行为 -->
		<tx:method name="save*" propagation="REQUIRED"/>
		<tx:method name="delete*" propagation="REQUIRED"/>
		<tx:method name="insert*" propagation="REQUIRED"/>
		<tx:method name="update*" propagation="REQUIRED"/>
		<tx:method name="find*" propagation="SUPPORTS" read-only="true"/>
		<tx:method name="get*" propagation="SUPPORTS" read-only="true"/>
		<tx:method name="select*" propagation="SUPPORTS" read-only="true"/>
	</tx:attributes>
</tx:advice>
<!-- aop -->
<aop:config>
	<aop:advisor advice-ref="txAdvice" pointcut="execution(* cn.itcast.ssm.service.impl.*.*(..))"/>
</aop:config>

</beans>
		