<?xml version="1.0" encoding="UTF-8"?>
<beans xmlns="http://www.springframework.org/schema/beans"
	xmlns:xsi="http://www.w3.org/2001/XMLSchema-instance" xmlns:mvc="http://www.springframework.org/schema/mvc"
	xmlns:context="http://www.springframework.org/schema/context"
	xmlns:aop="http://www.springframework.org/schema/aop" xmlns:tx="http://www.springframework.org/schema/tx"
	xsi:schemaLocation="http://www.springframework.org/schema/beans 
		http://www.springframework.org/schema/beans/spring-beans-4.2.xsd 
		http://www.springframework.org/schema/mvc 
		http://www.springframework.org/schema/mvc/spring-mvc-4.2.xsd 
		http://www.springframework.org/schema/context 
		http://www.springframework.org/schema/context/spring-context-4.2.xsd 
		http://www.springframework.org/schema/aop 
		http://www.springframework.org/schema/aop/spring-aop-4.2.xsd 
		http://www.springframework.org/schema/tx 
		http://www.springframework.org/schema/tx/spring-tx-4.2.xsd ">
	<context:component-scan base-package="cn.itcast.ssm.controller"></context:component-scan>
	<mvc:annotation-driven conversion-service="conversionService" ></mvc:annotation-driven>
	<bean
		class="org.springframework.web.servlet.view.InternalResourceViewResolver">
		<!-- 配置jsp路径的前缀 -->
		<property name="prefix" value="/WEB-INF/jsp/"/>
		<!-- 配置jsp路径的后缀 -->
		<property name="suffix" value=".jsp"/>
	</bean>	
	
	<!-- 自定义参数绑定 -->
	<bean id="conversionService" class="org.springframework.format.support.FormattingConversionServiceFactoryBean">
		<!-- 转换器 -->
		<property name="converters">
			<list>
				<!-- 日期类型转换 -->
				<bean class="cn.itcast.ssm.controller.converter.CustomDateConverter"/>
			</list>
		</property>
		
	
	</bean>
	<!-- 全局异常处理器
	只要实现HandlerExceptionResolver接口就是全局异常处理器
	 -->
	<bean class="cn.itcast.ssm.exception.CustomExceptionResolver"></bean>
	<!-- 文件上传 -->
	<bean id="multipartResolver"
		class="org.springframework.web.multipart.commons.CommonsMultipartResolver">
		<!-- 设置上传文件的最大尺寸为5MB -->
		<property name="maxUploadSize">
			<value>5242880</value>
		</property>
	</bean>
	
<!-- <mvc:interceptors>

	<mvc:interceptor>
		<mvc:mapping path="/**"/>
		<bean class="cn.itcast.ssm.interceptor.LoginInterceptor"></bean>
	</mvc:interceptor>
</mvc:interceptors> -->
		
		</beans>