<?xml version="1.0" encoding="UTF-8" ?>
<!DOCTYPE mapper PUBLIC "-//mybatis.org//DTD Mapper 3.0//EN" "http://mybatis.org/dtd/mybatis-3-mapper.dtd" >
<mapper namespace="cn.itcast.ssm.mapper.ItemsMapper" >
  <resultMap id="BaseResultMap" type="cn.itcast.ssm.po.Items" >
    <!--
      WARNING - @mbggenerated
      This element is automatically generated by MyBatis Generator, do not modify.
      This element was generated on Tue Dec 05 15:43:05 GMT+08:00 2017.
    -->
    <id column="ID" property="id" jdbcType="DECIMAL" />
    <result column="NAME" property="name" jdbcType="VARCHAR" />
    <result column="PRICE" property="price" jdbcType="DECIMAL" />
    <result column="DETAIL" property="detail" jdbcType="VARCHAR" />
    <result column="PIC" property="pic" jdbcType="VARCHAR" />
    <result column="CREATETIME" property="createtime" jdbcType="TIMESTAMP" />
  </resultMap>
  <sql id="Example_Where_Clause" >
    <!--
      WARNING - @mbggenerated
      This element is automatically generated by MyBatis Generator, do not modify.
      This element was generated on Tue Dec 05 15:43:05 GMT+08:00 2017.
    -->
    <where >
      <foreach collection="oredCriteria" item="criteria" separator="or" >
        <if test="criteria.valid" >
          <trim prefix="(" suffix=")" prefixOverrides="and" >
            <foreach collection="criteria.criteria" item="criterion" >
              <choose >
                <when test="criterion.noValue" >
                  and ${criterion.condition}
                </when>
                <when test="criterion.singleValue" >
                  and ${criterion.condition} #{criterion.value}
                </when>
                <when test="criterion.betweenValue" >
                  and ${criterion.condition} #{criterion.value} and #{criterion.secondValue}
                </when>
                <when test="criterion.listValue" >
                  and ${criterion.condition}
                  <foreach collection="criterion.value" item="listItem" open="(" close=")" separator="," >
                    #{listItem}
                  </foreach>
                </when>
              </choose>
            </foreach>
          </trim>
        </if>
      </foreach>
    </where>
  </sql>
  <sql id="Update_By_Example_Where_Clause" >
    <!--
      WARNING - @mbggenerated
      This element is automatically generated by MyBatis Generator, do not modify.
      This element was generated on Tue Dec 05 15:43:05 GMT+08:00 2017.
    -->
    <where >
      <foreach collection="example.oredCriteria" item="criteria" separator="or" >
        <if test="criteria.valid" >
          <trim prefix="(" suffix=")" prefixOverrides="and" >
            <foreach collection="criteria.criteria" item="criterion" >
              <choose >
                <when test="criterion.noValue" >
                  and ${criterion.condition}
                </when>
                <when test="criterion.singleValue" >
                  and ${criterion.condition} #{criterion.value}
                </when>
                <when test="criterion.betweenValue" >
                  and ${criterion.condition} #{criterion.value} and #{criterion.secondValue}
                </when>
                <when test="criterion.listValue" >
                  and ${criterion.condition}
                  <foreach collection="criterion.value" item="listItem" open="(" close=")" separator="," >
                    #{listItem}
                  </foreach>
                </when>
              </choose>
            </foreach>
          </trim>
        </if>
      </foreach>
    </where>
  </sql>
  <sql id="Base_Column_List" >
    <!--
      WARNING - @mbggenerated
      This element is automatically generated by MyBatis Generator, do not modify.
      This element was generated on Tue Dec 05 15:43:05 GMT+08:00 2017.
    -->
    ID, NAME, PRICE, DETAIL, PIC, CREATETIME
  </sql>
  <select id="selectByExample" resultMap="BaseResultMap" parameterType="cn.itcast.ssm.po.ItemsExample" >
    <!--
      WARNING - @mbggenerated
      This element is automatically generated by MyBatis Generator, do not modify.
      This element was generated on Tue Dec 05 15:43:05 GMT+08:00 2017.
    -->
    select
    <if test="distinct" >
      distinct
    </if>
    <include refid="Base_Column_List" />
    from ITEMS
    <if test="_parameter != null" >
      <include refid="Example_Where_Clause" />
    </if>
    <if test="orderByClause != null" >
      order by ${orderByClause}
    </if>
  </select>
  <select id="selectByPrimaryKey" resultMap="BaseResultMap" parameterType="java.lang.Integer" >
    <!--
      WARNING - @mbggenerated
      This element is automatically generated by MyBatis Generator, do not modify.
      This element was generated on Tue Dec 05 15:43:05 GMT+08:00 2017.
    -->
    select 
    <include refid="Base_Column_List" />
    from ITEMS
    where ID = #{id,jdbcType=DECIMAL}
  </select>
  <delete id="deleteByPrimaryKey" parameterType="java.lang.Integer" >
    <!--
      WARNING - @mbggenerated
      This element is automatically generated by MyBatis Generator, do not modify.
      This element was generated on Tue Dec 05 15:43:05 GMT+08:00 2017.
    -->
    delete from ITEMS
    where ID = #{id,jdbcType=DECIMAL}
  </delete>
  <delete id="deleteByExample" parameterType="cn.itcast.ssm.po.ItemsExample" >
    <!--
      WARNING - @mbggenerated
      This element is automatically generated by MyBatis Generator, do not modify.
      This element was generated on Tue Dec 05 15:43:05 GMT+08:00 2017.
    -->
    delete from ITEMS
    <if test="_parameter != null" >
      <include refid="Example_Where_Clause" />
    </if>
  </delete>
  <insert id="insert" parameterType="cn.itcast.ssm.po.Items" >
    <!--
      WARNING - @mbggenerated
      This element is automatically generated by MyBatis Generator, do not modify.
      This element was generated on Tue Dec 05 15:43:05 GMT+08:00 2017.
    -->
    insert into ITEMS (ID, NAME, PRICE, 
      DETAIL, PIC, CREATETIME
      )
    values (#{id,jdbcType=DECIMAL}, #{name,jdbcType=VARCHAR}, #{price,jdbcType=DECIMAL}, 
      #{detail,jdbcType=VARCHAR}, #{pic,jdbcType=VARCHAR}, #{createtime,jdbcType=TIMESTAMP}
      )
  </insert>
  <insert id="insertSelective" parameterType="cn.itcast.ssm.po.Items" >
    <!--
      WARNING - @mbggenerated
      This element is automatically generated by MyBatis Generator, do not modify.
      This element was generated on Tue Dec 05 15:43:05 GMT+08:00 2017.
    -->
    insert into ITEMS
    <trim prefix="(" suffix=")" suffixOverrides="," >
      <if test="id != null" >
        ID,
      </if>
      <if test="name != null" >
        NAME,
      </if>
      <if test="price != null" >
        PRICE,
      </if>
      <if test="detail != null" >
        DETAIL,
      </if>
      <if test="pic != null" >
        PIC,
      </if>
      <if test="createtime != null" >
        CREATETIME,
      </if>
    </trim>
    <trim prefix="values (" suffix=")" suffixOverrides="," >
      <if test="id != null" >
        #{id,jdbcType=DECIMAL},
      </if>
      <if test="name != null" >
        #{name,jdbcType=VARCHAR},
      </if>
      <if test="price != null" >
        #{price,jdbcType=DECIMAL},
      </if>
      <if test="detail != null" >
        #{detail,jdbcType=VARCHAR},
      </if>
      <if test="pic != null" >
        #{pic,jdbcType=VARCHAR},
      </if>
      <if test="createtime != null" >
        #{createtime,jdbcType=TIMESTAMP},
      </if>
    </trim>
  </insert>
  <select id="countByExample" parameterType="cn.itcast.ssm.po.ItemsExample" resultType="java.lang.Integer" >
    <!--
      WARNING - @mbggenerated
      This element is automatically generated by MyBatis Generator, do not modify.
      This element was generated on Tue Dec 05 15:43:05 GMT+08:00 2017.
    -->
    select count(*) from ITEMS
    <if test="_parameter != null" >
      <include refid="Example_Where_Clause" />
    </if>
  </select>
  <update id="updateByExampleSelective" parameterType="map" >
    <!--
      WARNING - @mbggenerated
      This element is automatically generated by MyBatis Generator, do not modify.
      This element was generated on Tue Dec 05 15:43:05 GMT+08:00 2017.
    -->
    update ITEMS
    <set >
      <if test="record.id != null" >
        ID = #{record.id,jdbcType=DECIMAL},
      </if>
      <if test="record.name != null" >
        NAME = #{record.name,jdbcType=VARCHAR},
      </if>
      <if test="record.price != null" >
        PRICE = #{record.price,jdbcType=DECIMAL},
      </if>
      <if test="record.detail != null" >
        DETAIL = #{record.detail,jdbcType=VARCHAR},
      </if>
      <if test="record.pic != null" >
        PIC = #{record.pic,jdbcType=VARCHAR},
      </if>
      <if test="record.createtime != null" >
        CREATETIME = #{record.createtime,jdbcType=TIMESTAMP},
      </if>
    </set>
    <if test="_parameter != null" >
      <include refid="Update_By_Example_Where_Clause" />
    </if>
  </update>
  <update id="updateByExample" parameterType="map" >
    <!--
      WARNING - @mbggenerated
      This element is automatically generated by MyBatis Generator, do not modify.
      This element was generated on Tue Dec 05 15:43:05 GMT+08:00 2017.
    -->
    update ITEMS
    set ID = #{record.id,jdbcType=DECIMAL},
      NAME = #{record.name,jdbcType=VARCHAR},
      PRICE = #{record.price,jdbcType=DECIMAL},
      DETAIL = #{record.detail,jdbcType=VARCHAR},
      PIC = #{record.pic,jdbcType=VARCHAR},
      CREATETIME = #{record.createtime,jdbcType=TIMESTAMP}
    <if test="_parameter != null" >
      <include refid="Update_By_Example_Where_Clause" />
    </if>
  </update>
  <update id="updateByPrimaryKeySelective" parameterType="cn.itcast.ssm.po.Items" >
    <!--
      WARNING - @mbggenerated
      This element is automatically generated by MyBatis Generator, do not modify.
      This element was generated on Tue Dec 05 15:43:05 GMT+08:00 2017.
    -->
    update ITEMS
    <set >
      <if test="name != null" >
        NAME = #{name,jdbcType=VARCHAR},
      </if>
      <if test="price != null" >
        PRICE = #{price,jdbcType=DECIMAL},
      </if>
      <if test="detail != null" >
        DETAIL = #{detail,jdbcType=VARCHAR},
      </if>
      <if test="pic != null" >
        PIC = #{pic,jdbcType=VARCHAR},
      </if>
      <if test="createtime != null" >
        CREATETIME = #{createtime,jdbcType=TIMESTAMP},
      </if>
    </set>
    where ID = #{id,jdbcType=DECIMAL}
  </update>
  <update id="updateByPrimaryKey" parameterType="cn.itcast.ssm.po.Items" >
    <!--
      WARNING - @mbggenerated
      This element is automatically generated by MyBatis Generator, do not modify.
      This element was generated on Tue Dec 05 15:43:05 GMT+08:00 2017.
    -->
    update ITEMS
    set NAME = #{name,jdbcType=VARCHAR},
      PRICE = #{price,jdbcType=DECIMAL},
      DETAIL = #{detail,jdbcType=VARCHAR},
      PIC = #{pic,jdbcType=VARCHAR},
      CREATETIME = #{createtime,jdbcType=TIMESTAMP}
    where ID = #{id,jdbcType=DECIMAL}
  </update>
</mapper>