<?xml version="1.0" encoding="UTF-8" ?>
<!DOCTYPE mapper PUBLIC "-//mybatis.org//DTD Mapper 3.0//EN" "http://mybatis.org/dtd/mybatis-3-mapper.dtd" >
<mapper namespace="cn.itcast.ssm.mapper.OrdersMapper" >
  <resultMap id="BaseResultMap" type="cn.itcast.ssm.po.Orders" >
    <!--
      WARNING - @mbggenerated
      This element is automatically generated by MyBatis Generator, do not modify.
      This element was generated on Tue Dec 05 15:43:05 GMT+08:00 2017.
    -->
    <id column="ID" property="id" jdbcType="DECIMAL" />
    <result column="USER_ID" property="userId" jdbcType="DECIMAL" />
    <result column="SNO" property="sno" jdbcType="VARCHAR" />
    <result column="CREATETIME" property="createtime" jdbcType="TIMESTAMP" />
    <result column="NOTE" property="note" jdbcType="VARCHAR" />
  </resultMap>
  <sql id="Example_Where_Clause" >
    <!--
      WARNING - @mbggenerated
      This element is automatically generated by MyBatis Generator, do not modify.
      This element was generated on Tue Dec 05 15:43:05 GMT+08:00 2017.
    -->
    <where >
      <foreach collection="oredCriteria" item="criteria" separator="or" >
        <if test="criteria.valid" >
          <trim prefix="(" suffix=")" prefixOverrides="and" >
            <foreach collection="criteria.criteria" item="criterion" >
              <choose >
                <when test="criterion.noValue" >
                  and ${criterion.condition}
                </when>
                <when test="criterion.singleValue" >
                  and ${criterion.condition} #{criterion.value}
                </when>
                <when test="criterion.betweenValue" >
                  and ${criterion.condition} #{criterion.value} and #{criterion.secondValue}
                </when>
                <when test="criterion.listValue" >
                  and ${criterion.condition}
                  <foreach collection="criterion.value" item="listItem" open="(" close=")" separator="," >
                    #{listItem}
                  </foreach>
                </when>
              </choose>
            </foreach>
          </trim>
        </if>
      </foreach>
    </where>
  </sql>
  <sql id="Update_By_Example_Where_Clause" >
    <!--
      WARNING - @mbggenerated
      This element is automatically generated by MyBatis Generator, do not modify.
      This element was generated on Tue Dec 05 15:43:05 GMT+08:00 2017.
    -->
    <where >
      <foreach collection="example.oredCriteria" item="criteria" separator="or" >
        <if test="criteria.valid" >
          <trim prefix="(" suffix=")" prefixOverrides="and" >
            <foreach collection="criteria.criteria" item="criterion" >
              <choose >
                <when test="criterion.noValue" >
                  and ${criterion.condition}
                </when>
                <when test="criterion.singleValue" >
                  and ${criterion.condition} #{criterion.value}
                </when>
                <when test="criterion.betweenValue" >
                  and ${criterion.condition} #{criterion.value} and #{criterion.secondValue}
                </when>
                <when test="criterion.listValue" >
                  and ${criterion.condition}
                  <foreach collection="criterion.value" item="listItem" open="(" close=")" separator="," >
                    #{listItem}
                  </foreach>
                </when>
              </choose>
            </foreach>
          </trim>
        </if>
      </foreach>
    </where>
  </sql>
  <sql id="Base_Column_List" >
    <!--
      WARNING - @mbggenerated
      This element is automatically generated by MyBatis Generator, do not modify.
      This element was generated on Tue Dec 05 15:43:05 GMT+08:00 2017.
    -->
    ID, USER_ID, SNO, CREATETIME, NOTE
  </sql>
  <select id="selectByExample" resultMap="BaseResultMap" parameterType="cn.itcast.ssm.po.OrdersExample" >
    <!--
      WARNING - @mbggenerated
      This element is automatically generated by MyBatis Generator, do not modify.
      This element was generated on Tue Dec 05 15:43:05 GMT+08:00 2017.
    -->
    select
    <if test="distinct" >
      distinct
    </if>
    <include refid="Base_Column_List" />
    from ORDERS
    <if test="_parameter != null" >
      <include refid="Example_Where_Clause" />
    </if>
    <if test="orderByClause != null" >
      order by ${orderByClause}
    </if>
  </select>
  <select id="selectByPrimaryKey" resultMap="BaseResultMap" parameterType="java.lang.Integer" >
    <!--
      WARNING - @mbggenerated
      This element is automatically generated by MyBatis Generator, do not modify.
      This element was generated on Tue Dec 05 15:43:05 GMT+08:00 2017.
    -->
    select 
    <include refid="Base_Column_List" />
    from ORDERS
    where ID = #{id,jdbcType=DECIMAL}
  </select>
  <delete id="deleteByPrimaryKey" parameterType="java.lang.Integer" >
    <!--
      WARNING - @mbggenerated
      This element is automatically generated by MyBatis Generator, do not modify.
      This element was generated on Tue Dec 05 15:43:05 GMT+08:00 2017.
    -->
    delete from ORDERS
    where ID = #{id,jdbcType=DECIMAL}
  </delete>
  <delete id="deleteByExample" parameterType="cn.itcast.ssm.po.OrdersExample" >
    <!--
      WARNING - @mbggenerated
      This element is automatically generated by MyBatis Generator, do not modify.
      This element was generated on Tue Dec 05 15:43:05 GMT+08:00 2017.
    -->
    delete from ORDERS
    <if test="_parameter != null" >
      <include refid="Example_Where_Clause" />
    </if>
  </delete>
  <insert id="insert" parameterType="cn.itcast.ssm.po.Orders" >
    <!--
      WARNING - @mbggenerated
      This element is automatically generated by MyBatis Generator, do not modify.
      This element was generated on Tue Dec 05 15:43:05 GMT+08:00 2017.
    -->
    insert into ORDERS (ID, USER_ID, SNO, 
      CREATETIME, NOTE)
    values (#{id,jdbcType=DECIMAL}, #{userId,jdbcType=DECIMAL}, #{sno,jdbcType=VARCHAR}, 
      #{createtime,jdbcType=TIMESTAMP}, #{note,jdbcType=VARCHAR})
  </insert>
  <insert id="insertSelective" parameterType="cn.itcast.ssm.po.Orders" >
    <!--
      WARNING - @mbggenerated
      This element is automatically generated by MyBatis Generator, do not modify.
      This element was generated on Tue Dec 05 15:43:05 GMT+08:00 2017.
    -->
    insert into ORDERS
    <trim prefix="(" suffix=")" suffixOverrides="," >
      <if test="id != null" >
        ID,
      </if>
      <if test="userId != null" >
        USER_ID,
      </if>
      <if test="sno != null" >
        SNO,
      </if>
      <if test="createtime != null" >
        CREATETIME,
      </if>
      <if test="note != null" >
        NOTE,
      </if>
    </trim>
    <trim prefix="values (" suffix=")" suffixOverrides="," >
      <if test="id != null" >
        #{id,jdbcType=DECIMAL},
      </if>
      <if test="userId != null" >
        #{userId,jdbcType=DECIMAL},
      </if>
      <if test="sno != null" >
        #{sno,jdbcType=VARCHAR},
      </if>
      <if test="createtime != null" >
        #{createtime,jdbcType=TIMESTAMP},
      </if>
      <if test="note != null" >
        #{note,jdbcType=VARCHAR},
      </if>
    </trim>
  </insert>
  <select id="countByExample" parameterType="cn.itcast.ssm.po.OrdersExample" resultType="java.lang.Integer" >
    <!--
      WARNING - @mbggenerated
      This element is automatically generated by MyBatis Generator, do not modify.
      This element was generated on Tue Dec 05 15:43:05 GMT+08:00 2017.
    -->
    select count(*) from ORDERS
    <if test="_parameter != null" >
      <include refid="Example_Where_Clause" />
    </if>
  </select>
  <update id="updateByExampleSelective" parameterType="map" >
    <!--
      WARNING - @mbggenerated
      This element is automatically generated by MyBatis Generator, do not modify.
      This element was generated on Tue Dec 05 15:43:05 GMT+08:00 2017.
    -->
    update ORDERS
    <set >
      <if test="record.id != null" >
        ID = #{record.id,jdbcType=DECIMAL},
      </if>
      <if test="record.userId != null" >
        USER_ID = #{record.userId,jdbcType=DECIMAL},
      </if>
      <if test="record.sno != null" >
        SNO = #{record.sno,jdbcType=VARCHAR},
      </if>
      <if test="record.createtime != null" >
        CREATETIME = #{record.createtime,jdbcType=TIMESTAMP},
      </if>
      <if test="record.note != null" >
        NOTE = #{record.note,jdbcType=VARCHAR},
      </if>
    </set>
    <if test="_parameter != null" >
      <include refid="Update_By_Example_Where_Clause" />
    </if>
  </update>
  <update id="updateByExample" parameterType="map" >
    <!--
      WARNING - @mbggenerated
      This element is automatically generated by MyBatis Generator, do not modify.
      This element was generated on Tue Dec 05 15:43:05 GMT+08:00 2017.
    -->
    update ORDERS
    set ID = #{record.id,jdbcType=DECIMAL},
      USER_ID = #{record.userId,jdbcType=DECIMAL},
      SNO = #{record.sno,jdbcType=VARCHAR},
      CREATETIME = #{record.createtime,jdbcType=TIMESTAMP},
      NOTE = #{record.note,jdbcType=VARCHAR}
    <if test="_parameter != null" >
      <include refid="Update_By_Example_Where_Clause" />
    </if>
  </update>
  <update id="updateByPrimaryKeySelective" parameterType="cn.itcast.ssm.po.Orders" >
    <!--
      WARNING - @mbggenerated
      This element is automatically generated by MyBatis Generator, do not modify.
      This element was generated on Tue Dec 05 15:43:05 GMT+08:00 2017.
    -->
    update ORDERS
    <set >
      <if test="userId != null" >
        USER_ID = #{userId,jdbcType=DECIMAL},
      </if>
      <if test="sno != null" >
        SNO = #{sno,jdbcType=VARCHAR},
      </if>
      <if test="createtime != null" >
        CREATETIME = #{createtime,jdbcType=TIMESTAMP},
      </if>
      <if test="note != null" >
        NOTE = #{note,jdbcType=VARCHAR},
      </if>
    </set>
    where ID = #{id,jdbcType=DECIMAL}
  </update>
  <update id="updateByPrimaryKey" parameterType="cn.itcast.ssm.po.Orders" >
    <!--
      WARNING - @mbggenerated
      This element is automatically generated by MyBatis Generator, do not modify.
      This element was generated on Tue Dec 05 15:43:05 GMT+08:00 2017.
    -->
    update ORDERS
    set USER_ID = #{userId,jdbcType=DECIMAL},
      SNO = #{sno,jdbcType=VARCHAR},
      CREATETIME = #{createtime,jdbcType=TIMESTAMP},
      NOTE = #{note,jdbcType=VARCHAR}
    where ID = #{id,jdbcType=DECIMAL}
  </update>
</mapper>