<?xml version="1.0" encoding="UTF-8" ?>
<!DOCTYPE mapper PUBLIC "-//mybatis.org//DTD Mapper 3.0//EN" "http://mybatis.org/dtd/mybatis-3-mapper.dtd" >
<mapper namespace="cn.itcast.ssm.mapper.OrderdetailMapper" >
  <resultMap id="BaseResultMap" type="cn.itcast.ssm.po.Orderdetail" >
    <!--
      WARNING - @mbggenerated
      This element is automatically generated by MyBatis Generator, do not modify.
      This element was generated on Tue Dec 05 15:43:05 GMT+08:00 2017.
    -->
    <id column="ID" property="id" jdbcType="DECIMAL" />
    <result column="ORDERS_ID" property="ordersId" jdbcType="DECIMAL" />
    <result column="ITEMS_ID" property="itemsId" jdbcType="DECIMAL" />
    <result column="ITEMS_NUM" property="itemsNum" jdbcType="DECIMAL" />
  </resultMap>
  <sql id="Example_Where_Clause" >
    <!--
      WARNING - @mbggenerated
      This element is automatically generated by MyBatis Generator, do not modify.
      This element was generated on Tue Dec 05 15:43:05 GMT+08:00 2017.
    -->
    <where >
      <foreach collection="oredCriteria" item="criteria" separator="or" >
        <if test="criteria.valid" >
          <trim prefix="(" suffix=")" prefixOverrides="and" >
            <foreach collection="criteria.criteria" item="criterion" >
              <choose >
                <when test="criterion.noValue" >
                  and ${criterion.condition}
                </when>
                <when test="criterion.singleValue" >
                  and ${criterion.condition} #{criterion.value}
                </when>
                <when test="criterion.betweenValue" >
                  and ${criterion.condition} #{criterion.value} and #{criterion.secondValue}
                </when>
                <when test="criterion.listValue" >
                  and ${criterion.condition}
                  <foreach collection="criterion.value" item="listItem" open="(" close=")" separator="," >
                    #{listItem}
                  </foreach>
                </when>
              </choose>
            </foreach>
          </trim>
        </if>
      </foreach>
    </where>
  </sql>
  <sql id="Update_By_Example_Where_Clause" >
    <!--
      WARNING - @mbggenerated
      This element is automatically generated by MyBatis Generator, do not modify.
      This element was generated on Tue Dec 05 15:43:05 GMT+08:00 2017.
    -->
    <where >
      <foreach collection="example.oredCriteria" item="criteria" separator="or" >
        <if test="criteria.valid" >
          <trim prefix="(" suffix=")" prefixOverrides="and" >
            <foreach collection="criteria.criteria" item="criterion" >
              <choose >
                <when test="criterion.noValue" >
                  and ${criterion.condition}
                </when>
                <when test="criterion.singleValue" >
                  and ${criterion.condition} #{criterion.value}
                </when>
                <when test="criterion.betweenValue" >
                  and ${criterion.condition} #{criterion.value} and #{criterion.secondValue}
                </when>
                <when test="criterion.listValue" >
                  and ${criterion.condition}
                  <foreach collection="criterion.value" item="listItem" open="(" close=")" separator="," >
                    #{listItem}
                  </foreach>
                </when>
              </choose>
            </foreach>
          </trim>
        </if>
      </foreach>
    </where>
  </sql>
  <sql id="Base_Column_List" >
    <!--
      WARNING - @mbggenerated
      This element is automatically generated by MyBatis Generator, do not modify.
      This element was generated on Tue Dec 05 15:43:05 GMT+08:00 2017.
    -->
    ID, ORDERS_ID, ITEMS_ID, ITEMS_NUM
  </sql>
  <select id="selectByExample" resultMap="BaseResultMap" parameterType="cn.itcast.ssm.po.OrderdetailExample" >
    <!--
      WARNING - @mbggenerated
      This element is automatically generated by MyBatis Generator, do not modify.
      This element was generated on Tue Dec 05 15:43:05 GMT+08:00 2017.
    -->
    select
    <if test="distinct" >
      distinct
    </if>
    <include refid="Base_Column_List" />
    from ORDERDETAIL
    <if test="_parameter != null" >
      <include refid="Example_Where_Clause" />
    </if>
    <if test="orderByClause != null" >
      order by ${orderByClause}
    </if>
  </select>
  <select id="selectByPrimaryKey" resultMap="BaseResultMap" parameterType="java.lang.Integer" >
    <!--
      WARNING - @mbggenerated
      This element is automatically generated by MyBatis Generator, do not modify.
      This element was generated on Tue Dec 05 15:43:05 GMT+08:00 2017.
    -->
    select 
    <include refid="Base_Column_List" />
    from ORDERDETAIL
    where ID = #{id,jdbcType=DECIMAL}
  </select>
  <delete id="deleteByPrimaryKey" parameterType="java.lang.Integer" >
    <!--
      WARNING - @mbggenerated
      This element is automatically generated by MyBatis Generator, do not modify.
      This element was generated on Tue Dec 05 15:43:05 GMT+08:00 2017.
    -->
    delete from ORDERDETAIL
    where ID = #{id,jdbcType=DECIMAL}
  </delete>
  <delete id="deleteByExample" parameterType="cn.itcast.ssm.po.OrderdetailExample" >
    <!--
      WARNING - @mbggenerated
      This element is automatically generated by MyBatis Generator, do not modify.
      This element was generated on Tue Dec 05 15:43:05 GMT+08:00 2017.
    -->
    delete from ORDERDETAIL
    <if test="_parameter != null" >
      <include refid="Example_Where_Clause" />
    </if>
  </delete>
  <insert id="insert" parameterType="cn.itcast.ssm.po.Orderdetail" >
    <!--
      WARNING - @mbggenerated
      This element is automatically generated by MyBatis Generator, do not modify.
      This element was generated on Tue Dec 05 15:43:05 GMT+08:00 2017.
    -->
    insert into ORDERDETAIL (ID, ORDERS_ID, ITEMS_ID, 
      ITEMS_NUM)
    values (#{id,jdbcType=DECIMAL}, #{ordersId,jdbcType=DECIMAL}, #{itemsId,jdbcType=DECIMAL}, 
      #{itemsNum,jdbcType=DECIMAL})
  </insert>
  <insert id="insertSelective" parameterType="cn.itcast.ssm.po.Orderdetail" >
    <!--
      WARNING - @mbggenerated
      This element is automatically generated by MyBatis Generator, do not modify.
      This element was generated on Tue Dec 05 15:43:05 GMT+08:00 2017.
    -->
    insert into ORDERDETAIL
    <trim prefix="(" suffix=")" suffixOverrides="," >
      <if test="id != null" >
        ID,
      </if>
      <if test="ordersId != null" >
        ORDERS_ID,
      </if>
      <if test="itemsId != null" >
        ITEMS_ID,
      </if>
      <if test="itemsNum != null" >
        ITEMS_NUM,
      </if>
    </trim>
    <trim prefix="values (" suffix=")" suffixOverrides="," >
      <if test="id != null" >
        #{id,jdbcType=DECIMAL},
      </if>
      <if test="ordersId != null" >
        #{ordersId,jdbcType=DECIMAL},
      </if>
      <if test="itemsId != null" >
        #{itemsId,jdbcType=DECIMAL},
      </if>
      <if test="itemsNum != null" >
        #{itemsNum,jdbcType=DECIMAL},
      </if>
    </trim>
  </insert>
  <select id="countByExample" parameterType="cn.itcast.ssm.po.OrderdetailExample" resultType="java.lang.Integer" >
    <!--
      WARNING - @mbggenerated
      This element is automatically generated by MyBatis Generator, do not modify.
      This element was generated on Tue Dec 05 15:43:05 GMT+08:00 2017.
    -->
    select count(*) from ORDERDETAIL
    <if test="_parameter != null" >
      <include refid="Example_Where_Clause" />
    </if>
  </select>
  <update id="updateByExampleSelective" parameterType="map" >
    <!--
      WARNING - @mbggenerated
      This element is automatically generated by MyBatis Generator, do not modify.
      This element was generated on Tue Dec 05 15:43:05 GMT+08:00 2017.
    -->
    update ORDERDETAIL
    <set >
      <if test="record.id != null" >
        ID = #{record.id,jdbcType=DECIMAL},
      </if>
      <if test="record.ordersId != null" >
        ORDERS_ID = #{record.ordersId,jdbcType=DECIMAL},
      </if>
      <if test="record.itemsId != null" >
        ITEMS_ID = #{record.itemsId,jdbcType=DECIMAL},
      </if>
      <if test="record.itemsNum != null" >
        ITEMS_NUM = #{record.itemsNum,jdbcType=DECIMAL},
      </if>
    </set>
    <if test="_parameter != null" >
      <include refid="Update_By_Example_Where_Clause" />
    </if>
  </update>
  <update id="updateByExample" parameterType="map" >
    <!--
      WARNING - @mbggenerated
      This element is automatically generated by MyBatis Generator, do not modify.
      This element was generated on Tue Dec 05 15:43:05 GMT+08:00 2017.
    -->
    update ORDERDETAIL
    set ID = #{record.id,jdbcType=DECIMAL},
      ORDERS_ID = #{record.ordersId,jdbcType=DECIMAL},
      ITEMS_ID = #{record.itemsId,jdbcType=DECIMAL},
      ITEMS_NUM = #{record.itemsNum,jdbcType=DECIMAL}
    <if test="_parameter != null" >
      <include refid="Update_By_Example_Where_Clause" />
    </if>
  </update>
  <update id="updateByPrimaryKeySelective" parameterType="cn.itcast.ssm.po.Orderdetail" >
    <!--
      WARNING - @mbggenerated
      This element is automatically generated by MyBatis Generator, do not modify.
      This element was generated on Tue Dec 05 15:43:05 GMT+08:00 2017.
    -->
    update ORDERDETAIL
    <set >
      <if test="ordersId != null" >
        ORDERS_ID = #{ordersId,jdbcType=DECIMAL},
      </if>
      <if test="itemsId != null" >
        ITEMS_ID = #{itemsId,jdbcType=DECIMAL},
      </if>
      <if test="itemsNum != null" >
        ITEMS_NUM = #{itemsNum,jdbcType=DECIMAL},
      </if>
    </set>
    where ID = #{id,jdbcType=DECIMAL}
  </update>
  <update id="updateByPrimaryKey" parameterType="cn.itcast.ssm.po.Orderdetail" >
    <!--
      WARNING - @mbggenerated
      This element is automatically generated by MyBatis Generator, do not modify.
      This element was generated on Tue Dec 05 15:43:05 GMT+08:00 2017.
    -->
    update ORDERDETAIL
    set ORDERS_ID = #{ordersId,jdbcType=DECIMAL},
      ITEMS_ID = #{itemsId,jdbcType=DECIMAL},
      ITEMS_NUM = #{itemsNum,jdbcType=DECIMAL}
    where ID = #{id,jdbcType=DECIMAL}
  </update>
</mapper>