<?xml version="1.0" encoding="UTF-8" ?>
<!DOCTYPE mapper PUBLIC "-//mybatis.org//DTD Mapper 3.0//EN" "http://mybatis.org/dtd/mybatis-3-mapper.dtd" >
<mapper namespace="cn.itcast.ssm.mapper.UsersMapper" >

    <resultMap id="BaseResultMap" type="cn.itcast.ssm.po.Users" >
        <id column="ID" property="id" jdbcType="DECIMAL" />
        <result column="USERNAME" property="username" jdbcType="VARCHAR" />
        <result column="BIRTHDAY" property="birthday" jdbcType="TIMESTAMP" />
        <result column="SEX" property="sex" jdbcType="CHAR" />
        <result column="ADDRESS" property="address" jdbcType="VARCHAR" />
        <result column="PASSWORD" property="password" jdbcType="VARCHAR" />
    </resultMap>

    <sql id="Base_Column_List" >
        ID, USERNAME, BIRTHDAY, SEX, ADDRESS, PASSWORD
    </sql>

    <select id="selectByPrimaryKey" resultMap="BaseResultMap" parameterType="java.lang.Integer" >
        select 
        <include refid="Base_Column_List" />
        from USERS
        where ID = #{id,jdbcType=DECIMAL}
    </select>

    <delete id="deleteByPrimaryKey" parameterType="java.lang.Integer" >
        delete from USERS
        where ID = #{id,jdbcType=DECIMAL}
    </delete>

    <insert id="insert" parameterType="cn.itcast.ssm.po.Users" >
        insert into USERS (ID, USERNAME, BIRTHDAY, 
            SEX, ADDRESS, PASSWORD
            )
        values (#{id,jdbcType=DECIMAL}, #{username,jdbcType=VARCHAR}, #{birthday,jdbcType=TIMESTAMP}, 
            #{sex,jdbcType=CHAR}, #{address,jdbcType=VARCHAR}, #{password,jdbcType=VARCHAR}
            )
    </insert>

    <insert id="insertSelective" parameterType="cn.itcast.ssm.po.Users" >
        insert into USERS
        <trim prefix="(" suffix=")" suffixOverrides="," >
            <if test="id != null" >
                ID,
            </if>
            <if test="username != null" >
                USERNAME,
            </if>
            <if test="birthday != null" >
                BIRTHDAY,
            </if>
            <if test="sex != null" >
                SEX,
            </if>
            <if test="address != null" >
                ADDRESS,
            </if>
            <if test="password != null" >
                PASSWORD,
            </if>
        </trim>
        <trim prefix="values (" suffix=")" suffixOverrides="," >
            <if test="id != null" >
                #{id,jdbcType=DECIMAL},
            </if>
            <if test="username != null" >
                #{username,jdbcType=VARCHAR},
            </if>
            <if test="birthday != null" >
                #{birthday,jdbcType=TIMESTAMP},
            </if>
            <if test="sex != null" >
                #{sex,jdbcType=CHAR},
            </if>
            <if test="address != null" >
                #{address,jdbcType=VARCHAR},
            </if>
            <if test="password != null" >
                #{password,jdbcType=VARCHAR},
            </if>
        </trim>
    </insert>

    <update id="updateByPrimaryKeySelective" parameterType="cn.itcast.ssm.po.Users" >
        update USERS
        <set >
            <if test="username != null" >
                USERNAME = #{username,jdbcType=VARCHAR},
            </if>
            <if test="birthday != null" >
                BIRTHDAY = #{birthday,jdbcType=TIMESTAMP},
            </if>
            <if test="sex != null" >
                SEX = #{sex,jdbcType=CHAR},
            </if>
            <if test="address != null" >
                ADDRESS = #{address,jdbcType=VARCHAR},
            </if>
            <if test="password != null" >
                PASSWORD = #{password,jdbcType=VARCHAR},
            </if>
        </set>
        where ID = #{id,jdbcType=DECIMAL}
    </update>

    <update id="updateByPrimaryKey" parameterType="cn.itcast.ssm.po.Users" >
        update USERS
        set USERNAME = #{username,jdbcType=VARCHAR},
            BIRTHDAY = #{birthday,jdbcType=TIMESTAMP},
            SEX = #{sex,jdbcType=CHAR},
            ADDRESS = #{address,jdbcType=VARCHAR},
            PASSWORD = #{password,jdbcType=VARCHAR}
        where ID = #{id,jdbcType=DECIMAL}
    </update>
</mapper>